title, date, trending
Glasgow knife attacker pictured as family say they are 'shocked',2020-06-28,No
Leicester could be first city to go into local lockdown amid 'spike' in COVID-19 cases,2020-06-28,No
Scotland reports no coronavirus deaths for third day running,2020-06-28,No
'Natural leader with a big smile': Tribute to teenager after police find body,2020-06-28,No
Protesters and partygoers slammed for 'unacceptable' lockdown rule breaches,2020-06-28,No
Barista 'abused' by customer refusing to wear mask gets $75|000 in donations,2020-06-28,No
Tackle education gap or face youth violence| says ex-watchdog,2020-06-28,No
Dozens of Labour MPs accused of racism by home secretary,2020-06-28,No
Trump re-election campaign events pulled over COVID-19 spikes,2020-06-28,No
Poland votes in election that could challenge nationalists' grip on power,2020-06-28,No
The chances of getting COVID-19 are going up| experts say. Track the cases in your area here,2020-06-28,No
'I had to tell her she would die in the next few hours': Were elderly people denied treatment to protect the NHS?,2020-06-28,No
No music in shops and no magazines in salons: The new rules businesses must implement to reopen,2020-06-28,No
A full list of the rules that are changing in England - and how they differ from the rest of the UK,2020-06-28,No
How sex workers are surviving as lockdown leaves them with no clients,2020-06-28,No
What is the UK's 'COVID alert level' and what does it mean?,2020-06-28,No
'Support bubbles': Who can have one and how will they work?,2020-06-28,No
'Coronavirus Generation' - why young people's lives may never be the same,2020-06-28,No
Can you catch coronavirus from frozen or chilled food?,2020-06-28,No
Coronavirus: Can face coverings really protect you?,2020-06-28,No
Revealed: How many excess deaths the coronavirus pandemic has caused in your area,2020-06-28,No
The coronavirus divide: Why five groups are dying more than they should,2020-06-28,No
How the UK's 14-day travel quarantine will work,2020-06-28,No
Coronavirus: How Sky News is operating,2020-06-28,No
New coronavirus hotspots revealed - and how your area compares,2020-06-28,No
Sophy Ridge On Sunday highlights,2020-06-28,No
Moment shooting starts at Breonna Taylor protest,2020-06-28,No
Glasgow knifeman 'said he was going to kill',2020-06-28,No
How sex workers are surviving as lockdown leaves them with no clients,2020-06-28,No
This man has been in prison for 33 years. A judge says he's innocent - but that's not enough to set him free,2020-06-28,No
Glastonbury Festival: The ultimate A-Z guide,2020-06-28,No
'This is the darkest moment I have ever seen in Yemen' ,2020-06-28,No
The misconceptions behind the 'white lives matter' banner,2020-06-28,No
Generation Z 'loneliest' age group during COVID-19 lockdown,2020-06-28,No
'We couldn't believe our eyes': Puppy swallows stick half the length of its body,2020-06-28,No
One dead after shooting at Breonna Taylor protest park,2020-06-28,No
Russia paid Taliban fighters to attack British troops in Afghanistan,2020-06-28,No
Majority of Britons think government doing bad job handling COVID-19 - poll,2020-06-28,No
Rolling Stones threaten to sue Trump over use of songs at rallies,2020-06-28,No
Egypt jails belly dancer for debauchery in social media crackdown,2020-06-28,No
'Project Speed': New taskforce 'to fast-track building of schools| roads and hospitals',2020-06-28,No
'I broke down in tears': Dog lovers cheated into buying sick puppies for over the odds during lockdown,2020-06-28,No
Dispersal zones in parts of London after more unlicensed events,2020-06-28,No
Terror drills and unemployment fears: Sunday's front-pages,2020-06-28,No
Temperatures to plunge as June heatwave comes to an end ,2020-06-28,No
UK facing puppy shortage as demand soars,2020-06-28,No
Kate pots up plants during hospice visit,2020-06-28,No
Trump's 'entire presidency a gift to Putin',2020-06-28,No
'We will never forget': Vigil for Reading attack victims,2020-06-28,No
Police seal scene of shooting in Louisville,2020-06-28,No
More guidelines than rules? Patel| Drakeford & Reynolds,2020-06-28,No
How football has transformed since Liverpool's last league title,2020-06-28,No
The minister| the party donor and the Â£1bn property row,2020-06-28,No
Watford vs Southampton LIVE!,2020-06-28,No
Leicester start well vs Chelsea LIVE!,2020-06-28,No
Late Ceballos strike sends Arsenal to Wembley,2020-06-28,No
Sport Is Back,2020-06-28,No
Sky Ocean Rescue,2020-06-28,No
Russia paid Taliban fighters to attack British troops in Afghanistan,2020-06-28,Yes
Terror drills and unemployment fears: Sunday's front-pages,2020-06-28,Yes
Pierce Brosnan 'vaguely' remembers saving Halle Berry from choking,2020-06-28,Yes
'Project Speed': New taskforce 'to fast-track building of schools| roads and hospitals',2020-06-28,Yes
Egypt jails belly dancer for debauchery in social media crackdown,2020-06-28,Yes
Dispersal zones in parts of London after more unlicensed events,2020-06-28,Yes
Rolling Stones threaten to sue Trump over use of songs at rallies,2020-06-28,Yes
'I broke down in tears': Dog lovers cheated into buying sick puppies for over the odds during lockdown,2020-06-28,Yes
Thunberg: World leaders want selfies with me so they can 'look good',2020-06-28,Yes
Green| amber or red? Which countries you might be able to visit under traffic light system,2020-06-28,Yes
